dispositivo,promedio_segundos_sesion
desktop,307.20848708487085
tablet,300.83478260869566
mobile,294.28767123287673
