dispositivo,promedio_segundos_sesion
tablet,300.83478260869566
desktop,307.20848708487085
mobile,294.28767123287673
