dispositivo,promedio_segundos_sesion
mobile,298.9496904024768
desktop,311.7638230647709
tablet,301.8720190779014
