dispositivo,promedio_segundos_sesion
tablet,301.31590413943354
mobile,294.65354330708664
desktop,307.06284658040664
