canal,ticket_promedio
web,1658156.8750814332
tienda_fisica,1677054.9411551156
mobile,1643255.3495202952
marketplace,1647308.125805369
