categoria,porcentaje_descuento_medio
Hogar,0.0613431151241535
Ropa,0.059885057471264366
Deportes,0.05855659397715472
Electrónica,0.056074766355140186
Alimentos,0.05532235939643347
